FlyBase ID,Symbol,log2FoldChange,pvalue,padj,Regulation
FBgn0035904,GstO3,0.5768712060245881,2.13e-08,1.54e-06,Upregulated
FBgn0051469,CG31469,0.575624665746455,0.002022103260598,0.035791491350558,Upregulated
FBgn0051092,LpR2,0.591263653687931,1.44e-08,1.06e-06,Upregulated
FBgn0037225,TwdlG,0.600724762890202,0.001038840531484,0.020426631931748,Upregulated
FBgn0039711,CG7824,0.603307647423685,0.001647262776846,0.029977532786143995,Upregulated
FBgn0027932,Akap200,0.6069818526751141,3.67e-09,3.04e-07,Upregulated
FBgn0036757,Ir75a,0.609236847606016,0.002591719223045,0.043926567006319,Upregulated
FBgn0262787,CG43168,0.6122728018940949,2.36e-06,0.000105499667646,Upregulated
FBgn0037176,CG14456,0.619412982144019,6.52e-05,0.001943893554738,Upregulated
FBgn0052694,CG32694,0.623773615277522,1.39e-10,1.34e-08,Upregulated
FBgn0001233,Hsp83,0.6258046145991889,1.72e-11,1.98e-09,Upregulated
FBgn0085452,CG34423,0.637545368002547,0.000969842711204,0.019305842591367,Upregulated
FBgn0038946,rdhB,0.639864819447666,6.19e-06,0.000251865515817,Upregulated
FBgn0031490,CG17264,0.6444356771692541,0.00041800411226,0.009569686050664,Upregulated
FBgn0028473,Non1,0.65034807398498,8.289999999999996e-12,1e-09,Upregulated
FBgn0001230,Hsp68,0.654610245462431,2.71e-08,1.92e-06,Upregulated
FBgn0004425,LysB,0.654916446490361,0.001994733976812,0.03535314421567,Upregulated
FBgn0003231,ref(2)P,0.671505759344567,1.34e-10,1.31e-08,Upregulated
FBgn0262656,Myc,0.6721493597413011,3.57e-06,0.00015148023395700002,Upregulated
FBgn0004426,LysC,0.672727965810355,0.001385869674457,0.026095099445809,Upregulated
FBgn0266594,CR45119,0.6762520238314951,0.000167962651808,0.004326870893622,Upregulated
FBgn0038838,TotB,0.6763238285145401,0.0008423641788539999,0.017274827933724996,Upregulated
FBgn0261560,Thor,0.67692790838306,6.66e-08,4.31e-06,Upregulated
FBgn0035623,mthl2,0.677217118295424,2.22e-06,0.00010017715552299998,Upregulated
FBgn0267706,CR46039,0.686418968777082,0.000831641082782,0.017080725173744,Upregulated
FBgn0026315,Ugt35a,0.6893552528324189,9.52e-06,0.000368215605709,Upregulated
FBgn0260000,CG17570,0.691512833786422,0.001138903566077,0.022025291756501,Upregulated
FBgn0036678,CG11905,0.694947184053071,0.0007048130138589999,0.014743515371576,Upregulated
FBgn0265708,CR44515,0.698978408233549,0.000430498204059,0.009839130670539,Upregulated
FBgn0035557,CG11353,0.7012481428519429,0.000487091563829,0.01080515534403,Upregulated
FBgn0029827,CG6048,0.703210772490699,1.09e-05,0.000416773260884,Upregulated
FBgn0037562,CG11671,0.7059754334707511,0.0008835926306880002,0.017903960528684,Upregulated
FBgn0040735,CG16836,0.7060530785683801,7.629999999999998e-07,3.950000000000001e-05,Upregulated
FBgn0039778,Jon99Fi,0.7067169637930409,0.000856541076472,0.017460062543825,Upregulated
FBgn0038073,CG14395,0.7077992564747021,0.0005594270899019999,0.012151651476006,Upregulated
FBgn0034289,CG10910,0.711370752824961,0.0008139311907040001,0.016767723588774,Upregulated
FBgn0031034,CG14205,0.7149137173238571,0.000151072834163,0.003960111915157,Upregulated
FBgn0265897,CR44686,0.7176474641113341,0.00018814429314700006,0.004792208112139,Upregulated
FBgn0038530,AttD,0.725238911661475,0.000270287015559,0.00655942590321,Upregulated
FBgn0030993,Mec2,0.730375904196497,1.26e-07,7.79e-06,Upregulated
FBgn0259682,Jabba,0.7428679420724399,2.99e-09,2.52e-07,Upregulated
FBgn0030929,CG15043,0.743059441696603,3.41e-08,2.36e-06,Upregulated
FBgn0013688,mt:srRNA,0.7460757496771009,2.81e-05,0.000951268464897,Upregulated
FBgn0037126,CG14567,0.7517114276649491,1.22e-05,0.00045951146083,Upregulated
FBgn0036767,CG16775,0.7592295140184,5.4899999999999986e-05,0.0016857425697,Upregulated
FBgn0037762,eloF,0.798221343596516,0.000145088287053,0.003854635195749,Upregulated
FBgn0035512,Cpr64Ac,0.798747463131192,0.000171031481582,0.004395768065703,Upregulated
FBgn0037964,CG14731,0.808457297312595,4.77e-05,0.0014981896248110005,Upregulated
FBgn0035409,CG14963,0.812920631590543,6.97e-05,0.002053256681554,Upregulated
FBgn0053926,CG33926,0.8151133976612729,3.29e-07,1.85e-05,Upregulated
FBgn0034331,CG15067,0.8209742391192719,1.18e-10,1.17e-08,Upregulated
FBgn0259237,CG42335,0.833053185496305,4.31e-05,0.0013745059832229998,Upregulated
FBgn0034160,CG5550,0.837120990485317,5.920000000000001e-05,0.001802482154561,Upregulated
FBgn0262366,CG43064,0.840933988254539,1.02e-05,0.000393286155753,Upregulated
FBgn0264272,mwh,0.8462513489345249,2.54e-07,1.46e-05,Upregulated
FBgn0039298,to,0.861404716743453,3.47e-05,0.001137612804199,Upregulated
FBgn0040733,CG15068,0.864564182066607,1.9e-14,3.2599999999999994e-12,Upregulated
FBgn0040104,lectin-24A,0.876987267747779,1.63e-05,0.000594834574698,Upregulated
FBgn0010038,GstD2,0.8778728199172742,1.78e-06,8.27e-05,Upregulated
FBgn0036948,CG7298,0.878655456547616,1.7800000000000002e-05,0.0006378035256009999,Upregulated
FBgn0040736,IM3,0.891500552291768,1.03e-10,1.06e-08,Upregulated
FBgn0025583,IM2,0.895770064183607,6.46e-16,1.31e-13,Upregulated
FBgn0013307,Odc1,0.930074199804277,1.32e-11,1.58e-09,Upregulated
FBgn0265200,CR44260,0.9443211424843572,2.26e-06,0.000101597457889,Upregulated
FBgn0035607,CG4835,0.9482569639209252,3.24e-08,2.26e-06,Upregulated
FBgn0035282,CNMa,0.956230555110864,6.8e-06,0.000273149369999,Upregulated
FBgn0031249,CG11911,0.96248852526925,1.59e-11,1.85e-09,Upregulated
FBgn0031805,CG9505,0.9658030762268008,2.16e-08,1.55e-06,Upregulated
FBgn0044812,TotC,0.978709884674044,1.89e-06,8.690000000000001e-05,Upregulated
FBgn0034741,CG4269,0.980131141194769,3.2e-15,6.03e-13,Upregulated
FBgn0052368,CG32368,1.02007143703065,2.7e-08,1.92e-06,Upregulated
FBgn0028396,TotA,1.0375820679303198,8.83e-07,4.56e-05,Upregulated
FBgn0004428,LysE,1.05243611466556,6.68e-07,3.53e-05,Upregulated
FBgn0034187,CG6967,1.08361182168406,2.81e-07,1.6e-05,Upregulated
FBgn0266099,CG44836,1.0898546192159302,2.35e-07,1.3699999999999998e-05,Upregulated
FBgn0032507,CG9377,1.09570225205176,1.3e-17,3.16e-15,Upregulated
FBgn0265455,CG44355,1.13187913231359,1e-07,6.33e-06,Upregulated
FBgn0001225,Hsp26,1.13266044742049,1.06e-08,8.06e-07,Upregulated
FBgn0042207,CG18530,1.14921497644407,4.03e-08,2.75e-06,Upregulated
FBgn0036876,CG9451,1.15662028915547,7.55e-23,2.77e-20,Upregulated
FBgn0036323,CG14118,1.20091620553891,6.34e-11,6.73e-09,Upregulated
FBgn0039470,CG6296,1.21597279790285,7.4e-12,9.04e-10,Upregulated
FBgn0032536,Ance-3,1.22593837336347,1.09e-21,3.6e-19,Upregulated
FBgn0004427,LysD,1.25438143660791,6.53e-14,1.05e-11,Upregulated
FBgn0051380,CG31380,1.26283819498988,1.63e-13,2.54e-11,Upregulated
FBgn0034317,CG14499,1.32468127779181,5.1000000000000005e-11,5.45e-09,Upregulated
FBgn0266227,CR44922,1.35000236964816,3.5e-15,6.500000000000001e-13,Upregulated
FBgn0039203,CG13618,1.35015132445463,4.92e-17,1.15e-14,Upregulated
FBgn0033446,CG1648,1.36618733652625,4.24e-43,6.389999999999998e-40,Upregulated
FBgn0033327,PGRP-SC1b,1.37419653409732,4.08e-11,4.4e-09,Upregulated
FBgn0031248,CG11912,1.56774956106092,1.7899999999999994e-34,1.6199999999999998e-31,Upregulated
FBgn0001224,Hsp23,1.80549934722662,9.32e-38,1.1499999999999998e-34,Upregulated
FBgn0051041,CG31041,2.1114342448687498,2.73e-25,1.24e-22,Upregulated
FBgn0004034,y,2.14812718027226,1.0299999999999999e-47,2e-44,Upregulated
FBgn0013278,Hsp70Bb,2.8880545899430903,6.119999999999999e-52,1.6599999999999994e-48,Upregulated
FBgn0035886,Jon66Ci,3.41471678635655,5.3899999999999976e-71,1.8299999999999997e-67,Upregulated
FBgn0030880,CG6788,-4.20928289177883,2.1099999999999984e-108,2.859999999999999e-104,Downregulated
FBgn0033050,Pngl,-2.59649394723689,4.839999999999998e-74,2.1899999999999998e-70,Downregulated
FBgn0052475,mthl8,-2.2043126194540497,2.36e-25,1.1e-22,Downregulated
FBgn0036777,CG7341,-2.0921706341215502,1.24e-29,8.89e-27,Downregulated
FBgn0050008,CG30008,-1.9950862970413,7.12e-85,4.829999999999997e-81,Downregulated
FBgn0262854,CG43218,-1.93572593332424,1.4199999999999996e-27,8.02e-25,Downregulated
FBgn0037323,CG2663,-1.8144367699637904,6.16e-35,5.969999999999998e-32,Downregulated
FBgn0264831,CR44039,-1.78294069216203,4.51e-17,1.07e-14,Downregulated
FBgn0261054,Sfp24Bc,-1.76728626280294,4.7e-36,5.32e-33,Downregulated
FBgn0259951,Sfp24Ba,-1.67695663363879,4.56e-50,1.0299999999999998e-46,Downregulated
FBgn0038009,CG17738,-1.67260210362934,2.0099999999999999e-16,4.41e-14,Downregulated
FBgn0263412,CR43458,-1.60734584643808,1.23e-14,2.15e-12,Downregulated
FBgn0266949,CR45400,-1.58059156928588,2.58e-14,4.2199999999999986e-12,Downregulated
FBgn0051779,Acp24A4,-1.5680893089961498,6.96e-44,1.18e-40,Downregulated
FBgn0039184,CG6432,-1.54904319587996,8.35e-39,1.1299999999999999e-35,Downregulated
FBgn0032265,CG18301,-1.5476788492172,8.23e-28,5.079999999999999e-25,Downregulated
FBgn0031464,Duox,-1.52164500735309,4.54e-32,3.85e-29,Downregulated
FBgn0032055,CG13091,-1.4873597563189798,1.4499999999999996e-29,9.83e-27,Downregulated
FBgn0040256,Ugt86Dd,-1.44596682071245,5.770000000000001e-23,2.18e-20,Downregulated
FBgn0005626,ple,-1.39921055604965,4.34e-30,3.27e-27,Downregulated
FBgn0267678,CR46014,-1.38036955543968,2.34e-11,2.65e-09,Downregulated
FBgn0263659,CR43650,-1.37806955611633,7.09e-19,1.85e-16,Downregulated
FBgn0038398,sxe2,-1.34793169648831,1.95e-27,1.06e-24,Downregulated
FBgn0032538,CG16885,-1.29780038919725,6.849999999999998e-27,3.58e-24,Downregulated
FBgn0043792,CG30427,-1.2458344393889,1.7600000000000002e-22,6.27e-20,Downregulated
FBgn0038007,Cyp313a3,-1.2407737692733798,3.87e-09,3.19e-07,Downregulated
FBgn0262896,CG43251,-1.23089215646901,2.68e-16,5.5999999999999995e-14,Downregulated
FBgn0030558,CG1461,-1.22054894399057,1.56e-23,6.430000000000001e-21,Downregulated
FBgn0029823,CG3011,-1.2138523276126798,2.31e-35,2.4199999999999998e-32,Downregulated
FBgn0016675,Lectin-galC1,-1.21174541325586,1.09e-30,8.67e-28,Downregulated
FBgn0024294,Spn43Aa,-1.1825295957126298,9.86e-10,8.75e-08,Downregulated
FBgn0038714,Cpr92A,-1.1594058250236,2.53e-10,2.35e-08,Downregulated
FBgn0031925,Cyp4d21,-1.15389568222633,6.19e-17,1.42e-14,Downregulated
FBgn0036023,CG18179,-1.15238943543499,5.72e-08,3.79e-06,Downregulated
FBgn0004577,Pxd,-1.14927125049484,7.0200000000000005e-15,1.29e-12,Downregulated
FBgn0028544,CG16884,-1.14039944709561,1.69e-23,6.759999999999998e-21,Downregulated
FBgn0032067,LManIV,-1.13717398452061,4.26e-08,2.89e-06,Downregulated
FBgn0034563,CG15649,-1.13619873598965,3.27e-11,3.61e-09,Downregulated
FBgn0036549,CG10516,-1.1250595196592,3.23e-22,1.1199999999999999e-19,Downregulated
FBgn0036553,CG17027,-1.12453140234506,1.33e-21,4.21e-19,Downregulated
FBgn0250843,Prosalpha6,-1.11535702757515,1.12e-21,3.62e-19,Downregulated
FBgn0036597,CG4962,-1.11378192675281,2.11e-19,5.729999999999999e-17,Downregulated
FBgn0036969,Spn77Bb,-1.1027091185182,3.91e-20,1.13e-17,Downregulated
FBgn0038983,CG5326,-1.10057943913935,4.24e-23,1.64e-20,Downregulated
FBgn0030592,CG9514,-1.09765835135414,8.55e-17,1.93e-14,Downregulated
FBgn0259975,Sfp87B,-1.09246803608423,4.04e-25,1.7699999999999999e-22,Downregulated
FBgn0039827,CG1544,-1.09130929360777,2.39e-13,3.65e-11,Downregulated
FBgn0052072,Elo68alpha,-1.08821125123966,5.679999999999999e-19,1.51e-16,Downregulated
FBgn0032726,CG10621,-1.08655819268208,5.249999999999999e-26,2.55e-23,Downregulated
FBgn0259968,Sfp60F,-1.0835548656189902,2.22e-29,1.44e-26,Downregulated
FBgn0039755,CG15531,-1.06884221525171,1.44e-21,4.439999999999999e-19,Downregulated
FBgn0032713,CG17323,-1.06395270065228,1.61e-19,4.46e-17,Downregulated
FBgn0034045,CG8249,-1.057196491661,1.85e-15,3.5799999999999994e-13,Downregulated
FBgn0267692,CR46028,-1.05284291668575,5.19e-07,2.81e-05,Downregulated
FBgn0037801,CG3999,-1.04560827756478,1.15e-10,1.15e-08,Downregulated
FBgn0031542,CG15414,-1.04377190389428,1.69e-07,1.01e-05,Downregulated
FBgn0041711,yellow-e,-1.03865415721,1.43e-19,4.06e-17,Downregulated
FBgn0038986,CG5278,-1.03748756495452,5.489999999999999e-13,7.84e-11,Downregulated
FBgn0038326,CG5044,-1.03194374806167,3.3099999999999997e-18,8.480000000000001e-16,Downregulated
FBgn0038449,CG17562,-1.03069769606025,3.52e-20,1.0400000000000002e-17,Downregulated
FBgn0031940,CG7214,-1.02664980235165,7.52e-22,2.5500000000000004e-19,Downregulated
FBgn0043865,SA-2,-1.02255002230101,2.32e-10,2.17e-08,Downregulated
FBgn0051148,Gba1a,-1.01771605604226,3.2900000000000007e-12,4.34e-10,Downregulated
FBgn0039241,CG11089,-1.01604004032594,1.93e-14,3.28e-12,Downregulated
FBgn0003357,Jon99Ciii,-1.014583997069,1.63e-06,7.72e-05,Downregulated
FBgn0029898,CG14439,-1.01356658627326,1.31e-15,2.57e-13,Downregulated
FBgn0039030,CG6660,-1.0093695848072,1.2e-14,2.15e-12,Downregulated
FBgn0030589,CG9519,-0.997621689907858,3.21e-13,4.8e-11,Downregulated
FBgn0011694,EbpII,-0.994814640931853,4.0800000000000005e-26,2.0499999999999999e-23,Downregulated
FBgn0051104,CG31104,-0.985208048565119,2.22e-16,4.79e-14,Downregulated
FBgn0037763,CG16904,-0.9844750964824328,1.0400000000000002e-27,6.13e-25,Downregulated
FBgn0039495,CG5909,-0.979363992667598,8.92e-09,6.92e-07,Downregulated
FBgn0259164,CG42269,-0.976189051769511,5.95e-10,5.42e-08,Downregulated
FBgn0266951,CR45402,-0.9742089877818207,3.58e-06,0.00015148023395700002,Downregulated
FBgn0259952,Sfp24Bb,-0.9714647734311692,1.64e-20,4.95e-18,Downregulated
FBgn0036992,CG11796,-0.966920161565692,5.04e-06,0.000208015994526,Downregulated
FBgn0265541,CR44391,-0.965839902321147,3.5e-12,4.56e-10,Downregulated
FBgn0033308,CG8736,-0.9650715755411692,1.34e-06,6.47e-05,Downregulated
FBgn0039475,CG6277,-0.9602632487639812,7.95e-16,1.59e-13,Downregulated
FBgn0004181,Ebp,-0.958130397263354,6.970000000000001e-25,2.96e-22,Downregulated
FBgn0032076,CG9510,-0.9564666527960451,6.98e-18,1.7600000000000006e-15,Downregulated
FBgn0032835,CG16772,-0.950346764584043,2.76e-16,5.67e-14,Downregulated
FBgn0035476,CG12766,-0.9478570846617852,5.27e-08,3.54e-06,Downregulated
FBgn0031373,CG15358,-0.944492319893,1.81e-10,1.72e-08,Downregulated
FBgn0005664,Crys,-0.940998274270476,3.68e-06,0.000154963109095,Downregulated
FBgn0036665,CG13024,-0.933771451817453,4.7100000000000005e-09,3.81e-07,Downregulated
FBgn0032066,LManIII,-0.9306246830083448,2.28e-14,3.82e-12,Downregulated
FBgn0027562,CG10345,-0.928358208222308,7.820000000000001e-11,8.23e-09,Downregulated
FBgn0033520,Prx2540-1,-0.924753817020172,2.28e-09,1.96e-07,Downregulated
FBgn0036780,CG7330,-0.9175574205217928,7.65e-08,4.92e-06,Downregulated
FBgn0035844,CG13676,-0.917101189902316,3.4900000000000004e-11,3.8200000000000005e-09,Downregulated
FBgn0010424,TpnC73F,-0.916148161907596,1.17e-13,1.87e-11,Downregulated
FBgn0035546,CG11345,-0.915475821367405,1.64e-05,0.0005998573717359999,Downregulated
FBgn0266702,CR45192,-0.9127042036577272,1.26e-06,6.21e-05,Downregulated
FBgn0036321,CG14120,-0.570115626928173,1.39e-07,8.48e-06,Downregulated
FBgn0036759,CG5577,-0.570685141410874,8.01e-06,0.000314367605412,Downregulated
FBgn0039311,CG10513,-0.570819316797973,9.7e-08,6.15e-06,Downregulated
FBgn0028583,lcs,-0.572805415096382,1.83e-05,0.000652055286544,Downregulated
FBgn0010423,TpnC47D,-0.574593561879618,1.94e-06,8.89e-05,Downregulated
FBgn0033541,CG12934,-0.574686564401788,0.000223494769209,0.005577509166885999,Downregulated
FBgn0034247,CG6484,-0.575272728446884,3.09e-08,2.18e-06,Downregulated
FBgn0034974,CG16786,-0.5760513449914749,4.23e-06,0.00017630260358099994,Downregulated
FBgn0054026,CG34026,-0.576061493422448,2.39e-07,1.4e-05,Downregulated
FBgn0035355,CG16985,-0.5764369575877379,6.25e-05,0.001886589230427,Downregulated
FBgn0262537,CG43091,-0.5781220103302479,7.63e-05,0.002208723228229,Downregulated
FBgn0035484,CG11594,-0.5787653464502779,2.82e-07,1.6e-05,Downregulated
FBgn0040900,CG17777,-0.5791429611100369,0.000284104373262,0.006814489348782,Downregulated
FBgn0038577,CG12321,-0.579159754928434,2.09e-07,1.23e-05,Downregulated
FBgn0036587,CG4950,-0.5808294193426939,1.22e-06,6.08e-05,Downregulated
FBgn0036717,CG13731,-0.5813088245506329,0.000114552205774,0.00315448427096,Downregulated
FBgn0052195,CG32195,-0.582551554913513,6.5000000000000004e-06,0.000262663296748,Downregulated
FBgn0036881,Cpr76Bd,-0.583895430258412,2.95e-06,0.000127290443568,Downregulated
FBgn0039801,Npc2h,-0.583934383826343,7.25e-06,0.000286802934811,Downregulated
FBgn0032283,CG7296,-0.9113431258103348,2.09e-11,2.39e-09,Downregulated
FBgn0034276,Sardh,-0.904573798014448,2.54e-07,1.46e-05,Downregulated
FBgn0267179,CR45619,-0.901737980923627,1.9e-05,0.0006760070519939999,Downregulated
FBgn0032266,CG18302,-0.901495672185036,2.57e-13,3.87e-11,Downregulated
FBgn0003356,Jon99Cii,-0.900570465164874,2.25e-05,0.000790564183625,Downregulated
FBgn0036972,CR6434,-0.899979332459182,1.73e-05,0.000626209042548,Downregulated
FBgn0032281,CG17107,-0.898714003525639,2.35e-05,0.0008140297915560001,Downregulated
FBgn0085313,CG34284,-0.887704117507972,9.790000000000002e-13,1.36e-10,Downregulated
FBgn0040609,CG3348,-0.885537515349797,3.460000000000001e-09,2.88e-07,Downregulated
FBgn0051077,CG31077,-0.885433341378876,3.77e-11,4.09e-09,Downregulated
FBgn0036824,CG3902,-0.8843153425183609,1.02e-16,2.26e-14,Downregulated
FBgn0000052,ade2,-0.8788747643229158,5.8600000000000005e-12,7.290000000000001e-10,Downregulated
FBgn0039161,CG13606,-0.8786934663823008,5.29e-08,3.54e-06,Downregulated
FBgn0038629,CG14304,-0.878159005416779,5.52e-08,3.67e-06,Downregulated
FBgn0039805,Cpr100A,-0.8780231269336278,5.75e-13,8.13e-11,Downregulated
FBgn0037635,CG9837,-0.8760446175399309,8.210000000000001e-08,5.26e-06,Downregulated
FBgn0085345,CG34316,-0.8759957287917629,3.2500000000000004e-05,0.001078810413618,Downregulated
FBgn0038819,Cpr92F,-0.869344926302483,1.14e-10,1.14e-08,Downregulated
FBgn0000053,ade3,-0.8682276699061658,3.4200000000000016e-13,5.05e-11,Downregulated
FBgn0033521,CG12896,-0.867653315912529,5.820000000000001e-09,4.64e-07,Downregulated
FBgn0035087,CG2765,-0.866805067874439,7.95e-18,1.9600000000000007e-15,Downregulated
FBgn0034382,CG18609,-0.8566269364240869,3.76e-13,5.5e-11,Downregulated
FBgn0032394,CG6746,-0.853562113456963,2.43e-16,5.15e-14,Downregulated
FBgn0038290,CG6912,-0.8455010271359229,1.24e-14,2.15e-12,Downregulated
FBgn0267472,CR45822,-0.844897879771996,2.36e-06,0.000105499667646,Downregulated
FBgn0032084,CG13101,-0.8445719541958109,1.87e-08,1.36e-06,Downregulated
FBgn0039872,salt,-0.843100897751241,1.67e-13,2.5800000000000004e-11,Downregulated
FBgn0039480,Cpr97Ea,-0.839919835938664,1.38e-08,1.03e-06,Downregulated
FBgn0040349,CG3699,-0.8378305070633181,4.979999999999999e-10,4.5700000000000006e-08,Downregulated
FBgn0266766,CR45231,-0.8369595518612399,1.6e-05,0.0005863359174380001,Downregulated
FBgn0267106,CG45546,-0.829026172391087,2.3e-05,0.0008023505297769999,Downregulated
FBgn0014454,Acp1,-0.8253354213327729,4.020000000000001e-09,3.28e-07,Downregulated
FBgn0031432,Cyp309a1,-0.823746915240721,6.08e-09,4.82e-07,Downregulated
FBgn0036590,CG13065,-0.8220274135919051,3.37e-05,0.001109603624829,Downregulated
FBgn0038511,cysu,-0.8219849138003409,6.24e-06,0.000252721931133,Downregulated
FBgn0034856,yellow-d2,-0.8202383659566009,7.240000000000002e-07,3.77e-05,Downregulated
FBgn0035281,Cpr62Bc,-0.8189130464601829,1.08e-10,1.09e-08,Downregulated
FBgn0039768,CG15533,-0.8172692327562628,1.08e-10,1.09e-08,Downregulated
FBgn0033518,Prx2540-2,-0.802673886380885,1.28e-09,1.12e-07,Downregulated
FBgn0028693,Rpn12,-0.794504074075517,1.3800000000000003e-11,1.61e-09,Downregulated
FBgn0039685,Obp99b,-0.7938243338521149,0.000144688225584,0.003854635195749,Downregulated
FBgn0023197,Jon74E,-0.791990483171225,4.8e-12,6.14e-10,Downregulated
FBgn0036781,CG13699,-0.790625581287307,0.000165395945998,0.004276981643554,Downregulated
FBgn0050016,CG30016,-0.7889343052068001,1.13e-06,5.6600000000000014e-05,Downregulated
FBgn0036910,Cyp305a1,-0.788825159023264,4.25e-12,5.5e-10,Downregulated
FBgn0265426,CR44338,-0.7870120600028578,0.000199589198306,0.00505526670933,Downregulated
FBgn0032287,CG6415,-0.785954621281567,3.06e-11,3.410000000000001e-09,Downregulated
FBgn0267473,CR45823,-0.781876187882311,7.58e-05,0.002204191989922,Downregulated
FBgn0032282,CG7299,-0.7814523129119879,1.05e-06,5.3e-05,Downregulated
FBgn0032596,Prosbeta4,-0.7793076105619009,5.72e-12,7.190000000000001e-10,Downregulated
FBgn0261575,tobi,-0.777714336920172,0.000116448233041,0.00319373982174,Downregulated
FBgn0053282,CG33282,-0.7754886690454009,1.05e-06,5.3e-05,Downregulated
FBgn0051832,CG31832,-0.775141891386604,0.000153404792121,0.004005045111233,Downregulated
FBgn0019643,Dat,-0.7748432942718771,1.14e-14,2.05e-12,Downregulated
FBgn0036289,CG10657,-0.7745016739303391,0.000255875348192,0.00627033163729,Downregulated
FBgn0086691,UK114,-0.773843105170937,1.34e-11,1.59e-09,Downregulated
FBgn0004782,Ccp84Ab,-0.7718121300644721,0.000238065740135,0.005897774613272,Downregulated
FBgn0040211,hgo,-0.7708424548114692,4.14e-07,2.28e-05,Downregulated
FBgn0263777,CG43694,-0.7647829719277701,0.000240649159074,0.00595091618139,Downregulated
FBgn0027341,Gfat1,-0.7636718912047371,1.25e-12,1.69e-10,Downregulated
FBgn0036778,Cyp312a1,-0.761185295563712,5.56e-12,7.059999999999999e-10,Downregulated
FBgn0039820,CG15554,-0.7575467553991891,0.000315159252387,0.0074281284902869985,Downregulated
FBgn0051313,CG31313,-0.7574136851973992,6.320000000000001e-10,5.72e-08,Downregulated
FBgn0259244,CG42342,-0.755063397813316,1.13e-08,8.51e-07,Downregulated
FBgn0085356,CG34327,-0.7549705949278951,1.4500000000000002e-10,1.39e-08,Downregulated
FBgn0037714,CG9396,-0.7528418749185021,8.670000000000001e-12,1.04e-09,Downregulated
FBgn0024289,Sodh-1,-0.751158242223856,0.000348538469491,0.008158203899673,Downregulated
FBgn0262363,CG43061,-0.7488421527164071,1.39e-08,1.03e-06,Downregulated
FBgn0004507,GlyP,-0.74597288243227,2.61e-12,3.4700000000000004e-10,Downregulated
FBgn0033097,Zip42C.2,-0.745326987259877,0.00035629964941199995,0.008325514699507,Downregulated
FBgn0039154,Npc2f,-0.7444484361234058,5.25e-07,2.8300000000000007e-05,Downregulated
FBgn0037973,CG18547,-0.73772592745359,7.47e-10,6.67e-08,Downregulated
FBgn0033307,CG14752,-0.7352647658040949,0.00046621610104,0.010393020997889,Downregulated
FBgn0012036,Aldh,-0.7337842133131851,2.77e-15,5.3e-13,Downregulated
FBgn0016013,Faa,-0.7326275153750591,1.05e-09,9.29e-08,Downregulated
FBgn0036278,CrzR,-0.7253908014568271,3.67e-08,2.53e-06,Downregulated
FBgn0266064,GlyS,-0.7223383065176651,1.24e-10,1.22e-08,Downregulated
FBgn0037684,CG8129,-0.72148543544835,1.5199999999999998e-07,9.19e-06,Downregulated
FBgn0036601,CG13063,-0.720908780589343,0.000651997570538,0.013852142437603,Downregulated
FBgn0032535,Ance-2,-0.720646071666223,0.000146737958766,0.003868407196247,Downregulated
FBgn0053301,CG33301,-0.718046836400264,2.93e-07,1.66e-05,Downregulated
FBgn0029134,Prosbeta5,-0.7164228849545258,7.13e-13,9.97e-11,Downregulated
FBgn0035147,Gale,-0.714160089656999,1.48e-12,1.99e-10,Downregulated
FBgn0002564,Lsp1gamma,-0.7130546896504081,2.22e-06,0.00010017715552299998,Downregulated
FBgn0024957,Irp-1B,-0.7125370330981559,2.54e-14,4.2e-12,Downregulated
FBgn0267158,CR45598,-0.7075831137709742,0.0001378449259,0.003698384810323,Downregulated
FBgn0028686,Rpt3,-0.707117523049282,3.59e-10,3.32e-08,Downregulated
FBgn0263330,CR43411,-0.699750270500935,0.0006808111075180001,0.01437432596527,Downregulated
FBgn0032889,CG9331,-0.699254207113671,2.69e-09,2.3e-07,Downregulated
FBgn0031417,CG3597,-0.696833976846626,6.79e-10,6.099999999999999e-08,Downregulated
FBgn0032299,CG17127,-0.694622661990571,0.001075277852109,0.021034541959986,Downregulated
FBgn0035544,CG15021,-0.692860288299967,3.81e-07,2.13e-05,Downregulated
FBgn0035398,Cht7,-0.6919092632027081,4.04e-09,3.28e-07,Downregulated
FBgn0036320,CG10943,-0.691522408019902,1.16e-05,0.000439260738477,Downregulated
FBgn0034663,CG4363,-0.686545936816739,1.06e-12,1.46e-10,Downregulated
FBgn0039476,CG6271,-0.685286843396495,0.001055009848163,0.020697707657028,Downregulated
FBgn0263406,CR43452,-0.6843699755707809,4.51e-05,0.0014272055561029998,Downregulated
FBgn0034943,Fmo-1,-0.6839391813637559,5.15e-06,0.000211772952719,Downregulated
FBgn0039728,CG7896,-0.683774882966146,1.66e-06,7.77e-05,Downregulated
FBgn0038035,lig3,-0.68196753036394,1.27e-06,6.22e-05,Downregulated
FBgn0032069,LManVI,-0.6818964967172151,1.2099999999999998e-07,7.58e-06,Downregulated
FBgn0026314,Ugt35b,-0.6815601063711071,4.64e-08,3.13e-06,Downregulated
FBgn0063667,CG32335,-0.677310669698191,0.0013745741398820002,0.02591835905978,Downregulated
FBgn0034942,CG13566,-0.6766276328836441,0.000799144665368,0.016488127624682,Downregulated
FBgn0030968,CG7322,-0.672503410967809,1.32e-07,8.12e-06,Downregulated
FBgn0032285,CG17108,-0.669322290499108,9.92e-09,7.609999999999998e-07,Downregulated
FBgn0051463,CG31463,-0.668906378176237,5.08e-05,0.001579207632792,Downregulated
FBgn0039686,CG15506,-0.6686063610672839,7.55e-05,0.0022029284757490004,Downregulated
FBgn0035199,tfc,-0.667600628060532,3.5000000000000004e-06,0.00014899120707,Downregulated
FBgn0026190,PH4alphaMP,-0.666908716425599,0.001100177144194,0.021402224952298,Downregulated
FBgn0031418,CG3609,-0.664357196045075,1.64e-07,9.86e-06,Downregulated
FBgn0037167,CG11425,-0.66410105619009,0.000437799835342,0.009922488421704,Downregulated
FBgn0000406,Cyt-b5-r,-0.663803026008287,7.349999999999999e-12,9.04e-10,Downregulated
FBgn0036715,Cad74A,-0.663660934611979,9.83e-05,0.002763745274581,Downregulated
FBgn0020385,pug,-0.6629981730208311,4.78e-13,6.9e-11,Downregulated
FBgn0020765,Acp65Aa,-0.6628429850767039,6.66e-08,4.31e-06,Downregulated
FBgn0034052,CG8299,-0.662513529656655,0.000146261312209,0.003868407196247,Downregulated
FBgn0032029,CG17292,-0.6605879043925109,1.01e-10,1.04e-08,Downregulated
FBgn0030844,ppk23,-0.6591837648455191,0.001830557304168,0.032785812613972995,Downregulated
FBgn0036857,CG9629,-0.657751565476485,8.99e-11,9.39e-09,Downregulated
FBgn0035189,CG9119,-0.6574543566918629,1.31e-08,9.81e-07,Downregulated
FBgn0023495,Lip3,-0.657136975143312,0.001515763964211,0.028112037675035,Downregulated
FBgn0039647,CG14509,-0.656953821851197,3.13e-08,2.19e-06,Downregulated
FBgn0035553,CG13722,-0.656652069867625,1.69e-06,7.92e-05,Downregulated
FBgn0029155,Men-b,-0.655801388831468,1.5399999999999992e-13,2.44e-11,Downregulated
FBgn0039481,Cpr97Eb,-0.6548042771090961,2.81e-07,1.6e-05,Downregulated
FBgn0038236,Cyp313a1,-0.654099913387036,9.63e-09,7.43e-07,Downregulated
FBgn0010041,GstD5,-0.652937465039168,6.620000000000001e-05,0.001965208409638,Downregulated
FBgn0034136,DAT,-0.652338227637755,0.000120302317407,0.003272994511256,Downregulated
FBgn0036659,CG9701,-0.651309231510833,2.18e-08,1.55e-06,Downregulated
FBgn0038462,CG17556,-0.650954138330302,1.33e-05,0.0005005220079009999,Downregulated
FBgn0031646,CG2837,-0.647978244053125,0.0004369293969009999,0.009920524023884,Downregulated
FBgn0032783,CG10237,-0.64675973218098,2.99e-11,3.360000000000001e-09,Downregulated
FBgn0030612,CG5599,-0.645251669227403,2.46e-06,0.000109331302282,Downregulated
FBgn0024366,CG11409,-0.642034931562379,0.00015110032204299995,0.003960111915157,Downregulated
FBgn0037127,CG14566,-0.641523568037879,0.002401778030587,0.041378856019353,Downregulated
FBgn0028939,NimC2,-0.640016490914703,6.53e-05,0.001943893554738,Downregulated
FBgn0023174,Prosbeta2,-0.6331541838232401,3.360000000000001e-09,2.82e-07,Downregulated
FBgn0026077,Gasp,-0.633041591889548,1.1e-08,8.35e-07,Downregulated
FBgn0034885,CG4019,-0.631180223884372,4.96e-07,2.69e-05,Downregulated
FBgn0051371,CG31371,-0.630815169610022,0.002213672893782,0.038727864956174,Downregulated
FBgn0035193,CG9192,-0.630239432255265,0.0015624776962729998,0.028781814388884,Downregulated
FBgn0038257,smp-30,-0.629030428375871,4e-08,2.74e-06,Downregulated
FBgn0034390,CG15093,-0.6274700644380761,1.8100000000000006e-05,0.000649637069545,Downregulated
FBgn0001125,Got2,-0.6267864783549929,1.36e-10,1.32e-08,Downregulated
FBgn0039312,CG10514,-0.6252826292739561,2.06e-10,1.94e-08,Downregulated
FBgn0030362,regucalcin,-0.624669222758667,7.640000000000001e-09,5.99e-07,Downregulated
FBgn0027790,GV1,-0.622224293191543,9.56e-07,4.88e-05,Downregulated
FBgn0039452,CG14245,-0.6215631032027049,5.34e-07,2.87e-05,Downregulated
FBgn0053511,CG33511,-0.6193411959311921,0.00030092544489,0.007117358605971998,Downregulated
FBgn0002569,Mal-A2,-0.6180277888070931,1.59e-08,1.16e-06,Downregulated
FBgn0036619,Cpr72Ec,-0.617428807589967,0.002276571553796,0.039624019761967985,Downregulated
FBgn0039682,Obp99c,-0.616137066909825,6.02e-08,3.95e-06,Downregulated
FBgn0263090,CR43358,-0.613030724736035,4.38e-05,0.001389263808762,Downregulated
FBgn0040608,CG14246,-0.6114228768386359,2.27e-05,0.000792615783781,Downregulated
FBgn0034030,CG8192,-0.608046000783985,0.000460789556736,0.010357084473915002,Downregulated
FBgn0004066,Prosalpha4,-0.607587238267262,1.96e-08,1.42e-06,Downregulated
FBgn0040637,CG11458,-0.607451766411843,1.6899999999999994e-05,0.0006110419122080001,Downregulated
FBgn0028684,Rpt5,-0.6051849847472309,1.29e-09,1.12e-07,Downregulated
FBgn0036298,nst,-0.6037197033620421,3.35e-06,0.000143462132611,Downregulated
FBgn0034470,Obp56d,-0.6016835508416409,6.5e-08,4.25e-06,Downregulated
FBgn0032068,LManV,-0.5995264781837011,1.21e-06,6.03e-05,Downregulated
FBgn0038467,AdSL,-0.598826035592327,6.78e-05,0.002002350810024,Downregulated
FBgn0037547,CG7910,-0.5984409491509229,2.93e-09,2.49e-07,Downregulated
FBgn0040252,Ugt86Dh,-0.597053271070444,0.00043242045636,0.009849899522725,Downregulated
FBgn0039482,CG14258,-0.596867101295965,0.0027183297812670005,0.045504371282962,Downregulated
FBgn0031097,obst-A,-0.596717555649303,2.89e-06,0.000124736403286,Downregulated
FBgn0261341,verm,-0.596452049938187,1.24e-06,6.15e-05,Downregulated
FBgn0034391,CG15080,-0.591440028353724,1.33e-05,0.0005005220079009999,Downregulated
FBgn0027843,CAH2,-0.5911494665934289,5.789999999999999e-09,4.64e-07,Downregulated
FBgn0034711,Alp2,-0.589533586438777,8.48e-05,0.00242490561634,Downregulated
FBgn0030836,CG8664,-0.5885431348673901,0.002559877836849,0.04355000189607601,Downregulated
FBgn0039896,yellow-h,-0.587330047832898,1.3699999999999998e-05,0.000512358658386,Downregulated
FBgn0032884,Pomp,-0.5872911697218609,4.48e-07,2.45e-05,Downregulated
FBgn0047095,CG33939,-0.5871767504625149,0.001170177704845,0.022501887423472,Downregulated
FBgn0261394,Prosalpha3,-0.586824405372377,7.249999999999999e-09,5.72e-07,Downregulated
FBgn0033214,CG1941,-0.586605443213644,0.000171284716172,0.004395768065703,Downregulated
